<?xml version="1.0" encoding="utf-8"?>
<!--/170217/1068755/2.50/2/3/Capacitor Polarised/-->
<quadcept_library>
  <setting unit="mil" />
  <textstyle name="Default" height="47.244094488189" strokewidth="7.8740157480315" charwidth="47.244094488189" />
  <textstyle name="Dimension" height="19.6850393700787" strokewidth="0" charwidth="19.6850393700787" />
  <textstyle name="H127W0635TH00762" height="50" strokewidth="3" charwidth="25" />
  <textstyle name="H15W15TH02" height="59.0551181102362" strokewidth="7.8740157480315" charwidth="59.0551181102362" />
  <padstyle name="r415_215" surface="True" plated="False" isvia="False" nopaste="False" nomask="True" complex="False" holesize="0">
    <padshape layer="TOP" shape="rectangle" width="84.645669291338" height="163.38582677165" />
    <padshape layer="TOP_SOLDER_MASK" shape="rectangle" width="92.519685039369" height="171.25984251968" />
    <padshape layer="TOP_SOLDER_PASTE" shape="rectangle" width="84.645669291338" height="163.38582677165" />
  </padstyle>
  <footprint name="CAPAE1030X1080N" originx="0" originy="0" pickpointx="0" pickpointy="0">
    <pcbpin number="1" name="1" style="r415_215" originx="-167.32283464567" originy="0" rotation="90" />
    <pcbpin number="2" name="2" style="r415_215" originx="167.32283464567" originy="0" rotation="90" />
    <line layer="TOP_PLACE_BOUND" originx="-268.70078740157" originy="226.3779527559" endx="268.70078740157" endy="226.3779527559" width="1.9685039370079" />
    <line layer="TOP_PLACE_BOUND" originx="268.70078740157" originy="226.3779527559" endx="268.70078740157" endy="-226.3779527559" width="1.9685039370079" />
    <line layer="TOP_PLACE_BOUND" originx="268.70078740157" originy="-226.3779527559" endx="-268.70078740157" endy="-226.3779527559" width="1.9685039370079" />
    <line layer="TOP_PLACE_BOUND" originx="-268.70078740157" originy="-226.3779527559" endx="-268.70078740157" endy="226.3779527559" width="1.9685039370079" />
    <line layer="TOP_ASSEMBLY" originx="202.75590551181" originy="202.75590551181" endx="-101.3779527559" endy="202.75590551181" width="3.9370078740157" />
    <line layer="TOP_ASSEMBLY" originx="-101.3779527559" originy="202.75590551181" endx="-202.75590551181" endy="101.3779527559" width="3.9370078740157" />
    <line layer="TOP_ASSEMBLY" originx="-202.75590551181" originy="101.3779527559" endx="-202.75590551181" endy="-101.3779527559" width="3.9370078740157" />
    <line layer="TOP_ASSEMBLY" originx="-202.75590551181" originy="-101.3779527559" endx="-101.3779527559" endy="-202.75590551181" width="3.9370078740157" />
    <line layer="TOP_ASSEMBLY" originx="-101.3779527559" originy="-202.75590551181" endx="202.75590551181" endy="-202.75590551181" width="3.9370078740157" />
    <line layer="TOP_ASSEMBLY" originx="202.75590551181" originy="-202.75590551181" endx="202.75590551181" endy="202.75590551181" width="3.9370078740157" />
    <line layer="TOP_SILKSCREEN" originx="-249.01574803149" originy="202.75590551181" endx="202.75590551181" endy="202.75590551181" width="7.8740157480314" />
    <line layer="TOP_SILKSCREEN" originx="-101.3779527559" originy="-202.75590551181" endx="202.75590551181" endy="-202.75590551181" width="7.8740157480314" />
  </footprint>
  <symbol name="UUX1E221MNL1GS" originx="0" originy="0">
    <line originx="200" originy="100" endx="200" endy="-100" width="0" />
    <line originx="230" originy="-100" endx="200" endy="-100" width="0" />
    <line originx="230" originy="-100" endx="230" endy="100" width="0" />
    <line originx="200" originy="100" endx="230" endy="100" width="0" />
    <line originx="180" originy="50" endx="140" endy="50" width="0" />
    <line originx="160" originy="70" endx="160" endy="30" width="0" />
    <line originx="100" originy="0" endx="200" endy="0" width="0" />
    <line originx="300" originy="0" endx="400" endy="0" width="0" />
    <sympin number="1" originx="100" originy="0" rotation="180" length="100" width="7.8740157480315" flipped="False">
      <text name="pinname" originx="0" originy="-10" style="Default" rotation="0" justify="upperleft" flipped="False" hidden="True" data="+" />
      <text name="pindes" originx="0" originy="10" style="Default" rotation="0" justify="lowerleft" flipped="False" hidden="False" data="1" />
    </sympin>
    <sympin number="2" originx="400" originy="0" rotation="0" length="100" width="7.8740157480315" flipped="False">
      <text name="pinname" originx="500" originy="-10" style="Default" rotation="0" justify="upperright" flipped="False" hidden="True" data="-" />
      <text name="pindes" originx="500" originy="10" style="Default" rotation="0" justify="lowerright" flipped="False" hidden="False" data="2" />
    </sympin>
    <polygon type="polygon">
      <point x="300" y="100" />
      <point x="300" y="-100" />
      <point x="270" y="-100" />
      <point x="270" y="100" />
    </polygon>
  </symbol>
  <component name="UUX1E221MNL1GS" designatorprefix="C" height="425.1968503937" footprint="CAPAE1030X1080N">
    <comppin designator="1" sympin="1" pinswap="0" gateswap="0" gate="1" group="1" side="" type="Any" name="+" />
    <comppin designator="2" sympin="2" pinswap="0" gateswap="0" gate="1" group="1" side="" type="Any" name="-" />
    <attached_symbol gate="1" name="UUX1E221MNL1GS" />
    <pinmap designator="1" footprintpin="1" />
    <pinmap designator="2" footprintpin="2" />
    <text name="Datasheet" originx="0" originy="0" style="Default" rotation="0" justify="" flipped="False" hidden="True" data="https://datasheet.datasheetarchive.com/originals/dk/DKDS-9/176761.pdf" />
    <text name="Description" originx="0" originy="0" style="Default" rotation="0" justify="" flipped="False" hidden="True" data="Nichicon 220uF Electrolytic Capacitor 25V dc, Surface Mount - UUX1E221MNL1GS" />
    <text name="Mouser Part Number" originx="0" originy="0" style="Default" rotation="0" justify="" flipped="False" hidden="True" data="647-UUX1E221MNL1GS" />
    <text name="Mouser Price/Stock" originx="0" originy="0" style="Default" rotation="0" justify="" flipped="False" hidden="True" data="https://www.mouser.co.uk/ProductDetail/Nichicon/UUX1E221MNL1GS?qs=%252BzEQ4sV6YNl6PYAEsoiWCQ%3D%3D" />
    <text name="Manufacturer_Name" originx="0" originy="0" style="Default" rotation="0" justify="" flipped="False" hidden="True" data="Nichicon" />
    <text name="Manufacturer_Part_Number" originx="350" originy="150" style="Default" rotation="0" justify="left" flipped="False" hidden="False" data="UUX1E221MNL1GS" />
  </component>
</quadcept_library>
