<?xml version="1.0" encoding="utf-8"?>
<!--/20051915/1068755/2.50/2/3/TVS Diode (Bi-directional)/-->
<quadcept_library>
  <setting unit="mil" />
  <textstyle name="Default" height="47.244094488189" strokewidth="7.8740157480315" charwidth="47.244094488189" />
  <textstyle name="Dimension" height="19.6850393700787" strokewidth="0" charwidth="19.6850393700787" />
  <textstyle name="H127W0635TH00762" height="50" strokewidth="3" charwidth="25" />
  <textstyle name="H15W15TH02" height="59.0551181102362" strokewidth="7.8740157480315" charwidth="59.0551181102362" />
  <padstyle name="r200_155" surface="True" plated="False" isvia="False" nopaste="False" nomask="True" complex="False" holesize="0">
    <padshape layer="TOP" shape="rectangle" width="61.023622047243" height="78.740157480314" />
    <padshape layer="TOP_SOLDER_MASK" shape="rectangle" width="68.897637795275" height="86.614173228345" />
    <padshape layer="TOP_SOLDER_PASTE" shape="rectangle" width="61.023622047243" height="78.740157480314" />
  </padstyle>
  <footprint name="DIONM5027X240N" originx="0" originy="0" pickpointx="0" pickpointy="0">
    <pcbpin number="1" name="1" style="r200_155" originx="-82.67716535433" originy="0" rotation="90" />
    <pcbpin number="2" name="2" style="r200_155" originx="82.67716535433" originy="0" rotation="90" />
    <line layer="TOP_PLACE_BOUND" originx="-131.88976377953" originy="66.929133858267" endx="131.88976377953" endy="66.929133858267" width="1.9685039370079" />
    <line layer="TOP_PLACE_BOUND" originx="131.88976377953" originy="66.929133858267" endx="131.88976377953" endy="-66.929133858267" width="1.9685039370079" />
    <line layer="TOP_PLACE_BOUND" originx="131.88976377953" originy="-66.929133858267" endx="-131.88976377953" endy="-66.929133858267" width="1.9685039370079" />
    <line layer="TOP_PLACE_BOUND" originx="-131.88976377953" originy="-66.929133858267" endx="-131.88976377953" endy="66.929133858267" width="1.9685039370079" />
    <line layer="TOP_ASSEMBLY" originx="-98.425196850392" originy="53.149606299212" endx="98.425196850392" endy="53.149606299212" width="3.9370078740157" />
    <line layer="TOP_ASSEMBLY" originx="98.425196850392" originy="53.149606299212" endx="98.425196850392" endy="-53.149606299212" width="3.9370078740157" />
    <line layer="TOP_ASSEMBLY" originx="98.425196850392" originy="-53.149606299212" endx="-98.425196850392" endy="-53.149606299212" width="3.9370078740157" />
    <line layer="TOP_ASSEMBLY" originx="-98.425196850392" originy="-53.149606299212" endx="-98.425196850392" endy="53.149606299212" width="3.9370078740157" />
    <line layer="TOP_SILKSCREEN" originx="98.425196850392" originy="53.149606299212" endx="-98.425196850392" endy="53.149606299212" width="7.8740157480314" />
    <line layer="TOP_SILKSCREEN" originx="-98.425196850392" originy="-53.149606299212" endx="98.425196850392" endy="-53.149606299212" width="7.8740157480314" />
  </footprint>
  <symbol name="P4SMAJ15CA" originx="0" originy="0">
    <line originx="400" originy="0" endx="200" endy="-100" width="0" />
    <line originx="200" originy="100" endx="200" endy="-100" width="0" />
    <line originx="200" originy="100" endx="400" endy="0" width="0" />
    <line originx="400" originy="0" endx="600" endy="-100" width="0" />
    <line originx="600" originy="100" endx="600" endy="-100" width="0" />
    <line originx="600" originy="100" endx="400" endy="0" width="0" />
    <line originx="400" originy="-80" endx="400" endy="80" width="0" />
    <line originx="360" originy="100" endx="400" endy="80" width="0" />
    <line originx="400" originy="-80" endx="440" endy="-100" width="0" />
    <sympin number="1" originx="200" originy="0" rotation="180" length="100" width="7.8740157480315" flipped="False">
      <text name="pinname" originx="0" originy="-20" style="Default" rotation="0" justify="upperleft" flipped="False" hidden="True" data="1" />
      <text name="pindes" originx="0" originy="20" style="Default" rotation="0" justify="lowerleft" flipped="False" hidden="False" data="1" />
    </sympin>
    <sympin number="2" originx="600" originy="0" rotation="0" length="100" width="7.8740157480315" flipped="False">
      <text name="pinname" originx="800" originy="-20" style="Default" rotation="0" justify="upperright" flipped="False" hidden="True" data="2" />
      <text name="pindes" originx="800" originy="20" style="Default" rotation="0" justify="lowerright" flipped="False" hidden="False" data="2" />
    </sympin>
  </symbol>
  <component name="P4SMAJ15CA" designatorprefix="D" height="94.488188976377" footprint="DIONM5027X240N">
    <comppin designator="1" sympin="1" pinswap="0" gateswap="0" gate="1" group="1" side="" type="Any" name="1" />
    <comppin designator="2" sympin="2" pinswap="0" gateswap="0" gate="1" group="1" side="" type="Any" name="2" />
    <attached_symbol gate="1" name="P4SMAJ15CA" />
    <pinmap designator="1" footprintpin="1" />
    <pinmap designator="2" footprintpin="2" />
    <text name="Datasheet" originx="0" originy="0" style="Default" rotation="0" justify="" flipped="False" hidden="True" data="https://diotec.com/request/datasheet/p4smaj65.pdf" />
    <text name="Description" originx="0" originy="0" style="Default" rotation="0" justify="" flipped="False" hidden="True" data="ESD Protection Diodes / TVS Diodes TVS, SMA,  150C,  400W, Bidir" />
    <text name="Mouser Part Number" originx="0" originy="0" style="Default" rotation="0" justify="" flipped="False" hidden="True" data="" />
    <text name="Mouser Price/Stock" originx="0" originy="0" style="Default" rotation="0" justify="" flipped="False" hidden="True" data="" />
    <text name="Manufacturer_Name" originx="0" originy="0" style="Default" rotation="0" justify="" flipped="False" hidden="True" data="Diotec" />
    <text name="Manufacturer_Part_Number" originx="500" originy="250" style="Default" rotation="0" justify="lowerleft" flipped="False" hidden="False" data="P4SMAJ15CA" />
  </component>
</quadcept_library>
