<?xml version="1.0" encoding="utf-8"?>
<!--/19107500/1068755/2.50/2/2/Inductor/-->
<quadcept_library>
  <setting unit="mil" />
  <textstyle name="Default" height="47.244094488189" strokewidth="7.8740157480315" charwidth="47.244094488189" />
  <textstyle name="Dimension" height="19.6850393700787" strokewidth="0" charwidth="19.6850393700787" />
  <textstyle name="H127W0635TH00762" height="50" strokewidth="3" charwidth="25" />
  <textstyle name="H15W15TH02" height="59.0551181102362" strokewidth="7.8740157480315" charwidth="59.0551181102362" />
  <padstyle name="r440_200" surface="True" plated="False" isvia="False" nopaste="False" nomask="True" complex="False" holesize="0">
    <padshape layer="TOP" shape="rectangle" width="78.740157480314" height="173.22834645669" />
    <padshape layer="TOP_SOLDER_MASK" shape="rectangle" width="86.614173228345" height="181.10236220472" />
    <padshape layer="TOP_SOLDER_PASTE" shape="rectangle" width="78.740157480314" height="173.22834645669" />
  </padstyle>
  <footprint name="SRR5228A" originx="0" originy="0" pickpointx="0" pickpointy="0">
    <pcbpin number="1" name="1" style="r440_200" originx="0" originy="68.897637795275" rotation="90" />
    <pcbpin number="2" name="2" style="r440_200" originx="0" originy="-68.897637795275" rotation="90" />
    <line layer="TOP_ASSEMBLY" originx="-102.36220472441" originy="-102.36220472441" endx="102.36220472441" endy="-102.36220472441" width="3.9370078740157" />
    <line layer="TOP_ASSEMBLY" originx="102.36220472441" originy="-102.36220472441" endx="102.36220472441" endy="102.36220472441" width="3.9370078740157" />
    <line layer="TOP_ASSEMBLY" originx="102.36220472441" originy="102.36220472441" endx="-102.36220472441" endy="102.36220472441" width="3.9370078740157" />
    <line layer="TOP_ASSEMBLY" originx="-102.36220472441" originy="102.36220472441" endx="-102.36220472441" endy="-102.36220472441" width="3.9370078740157" />
    <line layer="TOP_PLACE_BOUND" originx="-141.73228346457" originy="147.63779527559" endx="141.73228346457" endy="147.63779527559" width="3.9370078740157" />
    <line layer="TOP_PLACE_BOUND" originx="141.73228346457" originy="147.63779527559" endx="141.73228346457" endy="-147.63779527559" width="3.9370078740157" />
    <line layer="TOP_PLACE_BOUND" originx="141.73228346457" originy="-147.63779527559" endx="-141.73228346457" endy="-147.63779527559" width="3.9370078740157" />
    <line layer="TOP_PLACE_BOUND" originx="-141.73228346457" originy="-147.63779527559" endx="-141.73228346457" endy="147.63779527559" width="3.9370078740157" />
    <line layer="TOP_SILKSCREEN" originx="0" originy="129.92125984252" endx="0" endy="129.92125984252" width="3.9370078740157" />
    <arc layer="TOP_SILKSCREEN" originx="-7.102804783527E-15" originy="127.95275590551" startangle="90.0" sweepangle="180.0" radius="1.9685039370078" width="3.9370078740157" />
    <line layer="TOP_SILKSCREEN" originx="0" originy="125.9842519685" endx="0" endy="125.9842519685" width="3.9370078740157" />
    <arc layer="TOP_SILKSCREEN" originx="-7.102804783527E-15" originy="127.95275590551" startangle="-90.0" sweepangle="180.0" radius="1.9685039370078" width="3.9370078740157" />
  </footprint>
  <symbol name="SRR5228A-470M" originx="0" originy="0">
    <arc originx="250" originy="-2" startangle="177.7" sweepangle="-175.4" radius="50" width="0" />
    <arc originx="350" originy="-2" startangle="177.7" sweepangle="-175.4" radius="50" width="0" />
    <arc originx="450" originy="-2" startangle="177.7" sweepangle="-175.4" radius="50" width="0" />
    <arc originx="550" originy="-2" startangle="177.7" sweepangle="-175.4" radius="50" width="0" />
    <sympin number="1" originx="200" originy="0" rotation="180" length="100" width="7.8740157480315" flipped="False">
      <text name="pinname" originx="0" originy="-10" style="Default" rotation="0" justify="upperleft" flipped="False" hidden="True" data="1" />
      <text name="pindes" originx="0" originy="10" style="Default" rotation="0" justify="lowerleft" flipped="False" hidden="False" data="1" />
    </sympin>
    <sympin number="2" originx="600" originy="0" rotation="0" length="100" width="7.8740157480315" flipped="False">
      <text name="pinname" originx="800" originy="-10" style="Default" rotation="0" justify="upperright" flipped="False" hidden="True" data="2" />
      <text name="pindes" originx="800" originy="10" style="Default" rotation="0" justify="lowerright" flipped="False" hidden="False" data="2" />
    </sympin>
  </symbol>
  <component name="SRR5228A-470M" designatorprefix="L" height="0" footprint="SRR5228A">
    <comppin designator="1" sympin="1" pinswap="0" gateswap="0" gate="1" group="1" side="" type="Any" name="1" />
    <comppin designator="2" sympin="2" pinswap="0" gateswap="0" gate="1" group="1" side="" type="Any" name="2" />
    <attached_symbol gate="1" name="SRR5228A-470M" />
    <pinmap designator="1" footprintpin="1" />
    <pinmap designator="2" footprintpin="2" />
    <text name="Datasheet" originx="0" originy="0" style="Default" rotation="0" justify="" flipped="False" hidden="True" data="https://www.bourns.com/docs/Product-Datasheets/SRR5228A.pdf" />
    <text name="Description" originx="0" originy="0" style="Default" rotation="0" justify="" flipped="False" hidden="True" data="Ind,5.2x5.2x2.8,47uH+/-20%,1.1A,shd" />
    <text name="Mouser Part Number" originx="0" originy="0" style="Default" rotation="0" justify="" flipped="False" hidden="True" data="6521-SRR5228A-470M" />
    <text name="Mouser Price/Stock" originx="0" originy="0" style="Default" rotation="0" justify="" flipped="False" hidden="True" data="https://www.mouser.co.uk/ProductDetail/Bourns/SRR5228A-470M?qs=QpmGXVUTftG9kA8o879uEQ%3D%3D" />
    <text name="Manufacturer_Name" originx="0" originy="0" style="Default" rotation="0" justify="" flipped="False" hidden="True" data="Bourns" />
    <text name="Manufacturer_Part_Number" originx="650" originy="150" style="Default" rotation="0" justify="left" flipped="False" hidden="False" data="SRR5228A-470M" />
  </component>
</quadcept_library>
