<?xml version="1.0" encoding="utf-8"?>
<!--/757562/1068755/2.50/7/4/Power Supply/-->
<quadcept_library>
  <setting unit="mil" />
  <textstyle name="Default" height="47.244094488189" strokewidth="7.8740157480315" charwidth="47.244094488189" />
  <textstyle name="Dimension" height="19.6850393700787" strokewidth="0" charwidth="19.6850393700787" />
  <textstyle name="H127W0635TH00762" height="50" strokewidth="3" charwidth="25" />
  <textstyle name="H15W15TH02" height="59.0551181102362" strokewidth="7.8740157480315" charwidth="59.0551181102362" />
  <padstyle name="c172.5_h115" surface="False" plated="True" isvia="False" nopaste="True" nomask="True" complex="False" holesize="45.275590551181">
    <padshape layer="TOP" shape="round" width="67.913385826771" height="67.913385826771" />
    <padshape layer="TOP_SOLDER_MASK" shape="round" width="75.787401574802" height="75.787401574802" />
    <padshape layer="INNER" shape="round" width="67.913385826771" height="67.913385826771" />
    <padshape layer="BOTTOM" shape="round" width="67.913385826771" height="67.913385826771" />
    <padshape layer="BOTTOM_SOLDER_MASK" shape="round" width="75.787401574802" height="75.787401574802" />
  </padstyle>
  <footprint name="RS60505S" originx="0" originy="0" pickpointx="0" pickpointy="0">
    <pcbpin number="1" name="1" style="c172.5_h115" originx="0" originy="0" rotation="90" />
    <pcbpin number="2" name="2" style="c172.5_h115" originx="99.999999999999" originy="0" rotation="90" />
    <pcbpin number="3" name="3" style="c172.5_h115" originx="200" originy="0" rotation="90" />
    <pcbpin number="4" name="5" style="c172.5_h115" originx="400" originy="0" rotation="90" />
    <pcbpin number="5" name="6" style="c172.5_h115" originx="499.99999999999" originy="0" rotation="90" />
    <pcbpin number="6" name="7" style="c172.5_h115" originx="599.99999999999" originy="0" rotation="90" />
    <pcbpin number="7" name="8" style="c172.5_h115" originx="699.99999999999" originy="0" rotation="90" />
    <line layer="TOP_ASSEMBLY" originx="-79.133858267716" originy="125.9842519685" endx="779.13385826771" endy="125.9842519685" width="7.8740157480314" />
    <line layer="TOP_ASSEMBLY" originx="779.13385826771" originy="125.9842519685" endx="779.13385826771" endy="-236.22047244094" width="7.8740157480314" />
    <line layer="TOP_ASSEMBLY" originx="779.13385826771" originy="-236.22047244094" endx="-79.133858267716" endy="-236.22047244094" width="7.8740157480314" />
    <line layer="TOP_ASSEMBLY" originx="-79.133858267716" originy="-236.22047244094" endx="-79.133858267716" endy="125.9842519685" width="7.8740157480314" />
    <line layer="TOP_SILKSCREEN" originx="-79.133858267716" originy="125.9842519685" endx="779.13385826771" endy="125.9842519685" width="3.9370078740157" />
    <line layer="TOP_SILKSCREEN" originx="779.13385826771" originy="125.9842519685" endx="779.13385826771" endy="-236.22047244094" width="3.9370078740157" />
    <line layer="TOP_SILKSCREEN" originx="779.13385826771" originy="-236.22047244094" endx="-79.133858267716" endy="-236.22047244094" width="3.9370078740157" />
    <line layer="TOP_SILKSCREEN" originx="-79.133858267716" originy="-236.22047244094" endx="-79.133858267716" endy="125.9842519685" width="3.9370078740157" />
    <line layer="TOP_PLACE_BOUND" originx="-153.54330708661" originy="165.35433070866" endx="818.50393700786" endy="165.35433070866" width="3.9370078740157" />
    <line layer="TOP_PLACE_BOUND" originx="818.50393700786" originy="165.35433070866" endx="818.50393700786" endy="-275.5905511811" width="3.9370078740157" />
    <line layer="TOP_PLACE_BOUND" originx="818.50393700786" originy="-275.5905511811" endx="-153.54330708661" endy="-275.5905511811" width="3.9370078740157" />
    <line layer="TOP_PLACE_BOUND" originx="-153.54330708661" originy="-275.5905511811" endx="-153.54330708661" endy="165.35433070866" width="3.9370078740157" />
    <line layer="TOP_SILKSCREEN" originx="-110.23622047244" originy="7.8740157480314" endx="-110.23622047244" endy="7.8740157480314" width="7.8740157480314" />
    <arc layer="TOP_SILKSCREEN" originx="-110.23622047244" originy="3.9370078740157" startangle="90.0" sweepangle="180.0" radius="3.9370078740157" width="7.8740157480314" />
    <line layer="TOP_SILKSCREEN" originx="-110.23622047244" originy="0" endx="-110.23622047244" endy="0" width="7.8740157480314" />
    <arc layer="TOP_SILKSCREEN" originx="-110.23622047244" originy="3.9370078740157" startangle="-90.0" sweepangle="180.0" radius="3.9370078740157" width="7.8740157480314" />
  </footprint>
  <symbol name="RS6-0505S" originx="0" originy="0">
    <line originx="200" originy="100" endx="800" endy="100" width="0" />
    <line originx="800" originy="-700" endx="800" endy="100" width="0" />
    <line originx="800" originy="-700" endx="200" endy="-700" width="0" />
    <line originx="200" originy="100" endx="200" endy="-700" width="0" />
    <sympin number="1" originx="200" originy="0" rotation="180" length="100" width="7.8740157480315" flipped="False">
      <text name="pinname" originx="230" originy="0" style="Default" rotation="0" justify="left" flipped="False" hidden="False" data="-VIN" />
      <text name="pindes" originx="140" originy="20" style="Default" rotation="0" justify="lowerright" flipped="False" hidden="False" data="1" />
    </sympin>
    <sympin number="2" originx="200" originy="-100" rotation="180" length="100" width="7.8740157480315" flipped="False">
      <text name="pinname" originx="230" originy="-100" style="Default" rotation="0" justify="left" flipped="False" hidden="False" data="+VIN" />
      <text name="pindes" originx="140" originy="-80" style="Default" rotation="0" justify="lowerright" flipped="False" hidden="False" data="2" />
    </sympin>
    <sympin number="3" originx="200" originy="-200" rotation="180" length="100" width="7.8740157480315" flipped="False">
      <text name="pinname" originx="230" originy="-200" style="Default" rotation="0" justify="left" flipped="False" hidden="False" data="CTRL" />
      <text name="pindes" originx="140" originy="-180" style="Default" rotation="0" justify="lowerright" flipped="False" hidden="False" data="3" />
    </sympin>
    <sympin number="5" originx="200" originy="-300" rotation="180" length="100" width="7.8740157480315" flipped="False">
      <text name="pinname" originx="230" originy="-300" style="Default" rotation="0" justify="left" flipped="False" hidden="False" data="TRIM" />
      <text name="pindes" originx="140" originy="-280" style="Default" rotation="0" justify="lowerright" flipped="False" hidden="False" data="5" />
    </sympin>
    <sympin number="6" originx="200" originy="-400" rotation="180" length="100" width="7.8740157480315" flipped="False">
      <text name="pinname" originx="230" originy="-400" style="Default" rotation="0" justify="left" flipped="False" hidden="False" data="+VOUT" />
      <text name="pindes" originx="140" originy="-380" style="Default" rotation="0" justify="lowerright" flipped="False" hidden="False" data="6" />
    </sympin>
    <sympin number="7" originx="200" originy="-500" rotation="180" length="100" width="7.8740157480315" flipped="False">
      <text name="pinname" originx="230" originy="-500" style="Default" rotation="0" justify="left" flipped="False" hidden="False" data="-VOUT" />
      <text name="pindes" originx="140" originy="-480" style="Default" rotation="0" justify="lowerright" flipped="False" hidden="False" data="7" />
    </sympin>
    <sympin number="8" originx="200" originy="-600" rotation="180" length="100" width="7.8740157480315" flipped="False">
      <text name="pinname" originx="230" originy="-600" style="Default" rotation="0" justify="left" flipped="False" hidden="False" data="NC" />
      <text name="pindes" originx="140" originy="-580" style="Default" rotation="0" justify="lowerright" flipped="False" hidden="False" data="8" />
    </sympin>
  </symbol>
  <component name="RS6-0505S" designatorprefix="PS" height="456.69291338582" footprint="RS60505S">
    <comppin designator="1" sympin="1" pinswap="0" gateswap="0" gate="1" group="1" side="" type="Any" name="-VIN" />
    <comppin designator="2" sympin="2" pinswap="0" gateswap="0" gate="1" group="1" side="" type="Any" name="+VIN" />
    <comppin designator="3" sympin="3" pinswap="0" gateswap="0" gate="1" group="1" side="" type="Any" name="CTRL" />
    <comppin designator="5" sympin="5" pinswap="0" gateswap="0" gate="1" group="1" side="" type="Any" name="TRIM" />
    <comppin designator="6" sympin="6" pinswap="0" gateswap="0" gate="1" group="1" side="" type="Any" name="+VOUT" />
    <comppin designator="7" sympin="7" pinswap="0" gateswap="0" gate="1" group="1" side="" type="Any" name="-VOUT" />
    <comppin designator="8" sympin="8" pinswap="0" gateswap="0" gate="1" group="1" side="" type="Any" name="NC" />
    <attached_symbol gate="1" name="RS6-0505S" />
    <pinmap designator="1" footprintpin="1" />
    <pinmap designator="2" footprintpin="2" />
    <pinmap designator="3" footprintpin="3" />
    <pinmap designator="5" footprintpin="4" />
    <pinmap designator="6" footprintpin="5" />
    <pinmap designator="7" footprintpin="6" />
    <pinmap designator="8" footprintpin="7" />
    <text name="Datasheet" originx="0" originy="0" style="Default" rotation="0" justify="" flipped="False" hidden="True" data="https://www.recom-power.com/pdf/Econoline/RS6.pdf" />
    <text name="Description" originx="0" originy="0" style="Default" rotation="0" justify="" flipped="False" hidden="True" data="DC/DC Converter Isolated 5V 6W Recom Through Hole 6W Isolated DC-DC Converter, Vin 4.5  9 V dc" />
    <text name="Mouser Part Number" originx="0" originy="0" style="Default" rotation="0" justify="" flipped="False" hidden="True" data="919-RS6-0505S" />
    <text name="Mouser Price/Stock" originx="0" originy="0" style="Default" rotation="0" justify="" flipped="False" hidden="True" data="https://www.mouser.co.uk/ProductDetail/RECOM-Power/RS6-0505S?qs=FLBwGrBR9%252B3r5kgbzQWtZg%3D%3D" />
    <text name="Manufacturer_Name" originx="0" originy="0" style="Default" rotation="0" justify="" flipped="False" hidden="True" data="RECOM Power" />
    <text name="Manufacturer_Part_Number" originx="850" originy="200" style="Default" rotation="0" justify="left" flipped="False" hidden="False" data="RS6-0505S" />
  </component>
</quadcept_library>
